Subject,App Name,Developer,Play Store URL,Downloads,Rating,Monetization Model,Subscription Prices,Premium Features,Complaint Themes,Praise Themes,Keywords,Error
Sweepy: Home Cleaning Schedule (app.sweepy.sweepy),Sweepy: Home Cleaning Schedule,Appsent,https://play.google.com/store/apps/details?id=app.sweepy.sweepy&hl=en_US&gl=US,1M+,4.5,freemium,$13/year,* Advanced scheduling and task prioritization.\n* Family sharing and workload distribution.\n* Ad-free experience.\n* Streak feature for motivation.\n* Ability to track cleanliness of each room.,"* Frequent app crashes and loss of progress.\n* Login issues and session expiration problems.\n* Limited customization options for tasks and schedules.\n* Inconsistent or problematic notification system.\n* Difficulties in adding, editing, and managing tasks.","* Effective in organizing and managing household chores, reducing mental load.\n* Motivating features such as gamification, streaks, and progress tracking.\n* Helpful for individuals with ADHD and executive dysfunction.\n* Affordable premium version offering valuable additional features.\n* Simple and easy-to-use interface for task management.","Sweepy, Home Cleaning Schedule, Chore management, Task organizer, Cleaning app",
Tody (com.tody.android),Tody - Smarter Cleaning,LoopLoop Aps,https://play.google.com/store/apps/details?id=com.looploop.tody,"1,000,000+",4.735955,freemium,$9.99/year,* Sync data with others\n* Stay in the flow with focus tasks\n* Manage multiple homes\n* Cancel anytime,"* Subscription model issues (paywall, cost, auto-renewal)\n* App bugs and technical issues (crashing, unsyncing, widget problems)\n* Data synchronization and account login difficulties\n* Limited functionality in free version, forcing premium upgrade\n* Missing or poorly implemented basic features/UI choices","* Effective for organizing and managing cleaning tasks\n* Gamified approach makes cleaning motivating and fun\n* Highly customizable and flexible for various needs\n* User-friendly interface and simple to use\n* Good value for money, even free version is useful","a, for, list, smarter, tody, is, routines., to-do, cleaning",
FlyLadyPlus (com.flyladyplus),FlyLady: Routines & Cleaning,FlyLadyPlus,https://play.google.com/store/apps/details?id=com.FlyLady.Premium&hl=en_US,100K+,4.4,freemium,unconfirmed,* customizing your space\n* unlocking inspiration content\n* earning achievements\n* and accessing more tools to help you feel calm\n* confident\n* and in control,"* Modernized version is cold and reads like a PDF, changed branding, doesn't feel the same.\n* Refund issues, money stolen after subscription, developers not issuing refunds.\n* Disappointed with changes, modernized version is like other list-making apps, lost original cozy feeling.","* Helps organize and maintain a clean home, especially beneficial for individuals with ADHD.\n* Provides helpful reminders for daily tasks.\n* Offers customizable pre-written routine lists.\n* Includes a versatile timer feature.\n* Delivers daily inspiration and advice from FlyLady.\n* Allows for editable cleaning lists to fit individual home requirements.\n* Breaks down overwhelming cleaning tasks into manageable daily routines.","FlyLady, Routines, Cleaning, daily routines, customizable cleaning lists, zone-based system, zone cleaning, habit trackers, home management",
Habitica: Gamify Your Tasks (com.habitrpg.android.habitica),Habitica: Gamify Your Tasks,Habitica,https://play.google.com/store/apps/details?id=com.habitrpg.android.habitica&hl=en_US,1M+,4.3,freemium,"$4.99/month, $14.99/3 months, $47.99/year",- Unlock exclusive gear and quests\n- Access to all challenges\n- More avatar customization options\n- Support the development of the app\n- Ability to buy gems,"- Frequent server connection issues and offline functionality limitations.\n- Loss of progress and data, especially after updates.\n- User interface is confusing and not user-friendly.\n- Lack of essential features and customization options.\n- Issues with daily tasks not resetting or disappearing.","- Highly motivating and effective for habit and task tracking.\n- Gamified approach makes productivity fun and engaging.\n- Free to use with no ads, and optional subscriptions are appreciated.\n- Helps users with ADHD and other mental health challenges.\n- Strong community aspect through parties and social features.","Habitica, Gamify, Tasks, Habits, RPG, Productivity, To-Do List, Motivation, Game",
Home Tasker: House Chores (io.hometasker.android),House Chores Cleaning Schedule,HOME TASKER - CLEANING SCHEDULE ORGANIZER LTD,https://play.google.com/store/apps/details?id=io.hometasker.android&hl=en_US,500K+,4.9,freemium,unconfirmed,*   AI Room Scan\n*   Recurring Rotation System\n*   Cleaning History & Activity Tracking\n*   Achievements for Better Habits\n*   Team Chore Assignments\n*   Vacation Mode,"*   **Technical Issues:** App crashes, bugs, slow performance, broken widgets, tasks disappearing, and features breaking after updates.\n*   **Monetization and Ads:** High subscription costs, ads even in premium versions, limited free version, and confusing pricing models.\n*   **Usability and Interface:** Difficult to navigate, confusing setup, rigid customization, and unclear instructions.\n*   **Syncing and Data Issues:** Problems with syncing across devices, data loss, and issues with saving progress.\n*   **Missing/Broken Core Features:** Inconsistent notifications, inability to customize or delete tasks, and broken calendar views.","*   **Effective Task Management:** Excellent for organizing, tracking, and managing household chores, leading to a cleaner and more organized home.\n*   **Helpful Features:** Appreciation for automation, recurring tasks, AI room scan, family sharing, and dynamic checklists.\n*   **User-Friendly Design:** Intuitive interface, clean design, and ease of use, making chore management enjoyable.\n*   **Motivation and Habit Building:** The app helps users stay motivated, build good habits, and maintain consistency with chores through features like achievements.\n*   **Family Collaboration:** Effective tools for assigning and sharing tasks among family members, improving household coordination.","House Chores, Cleaning Schedule, Task Management, Home Organization, Chores, Cleaning, Schedule, Organizer, Home Tasker",
Flatastic – Household & Chores (com.flatastic.app),Chores Tracker App - Flatastic,Flatastic,https://play.google.com/store/apps/details?id=com.flatastic.app,500K+,4.4,freemium,unconfirmed,- No ads\n- Advanced notification settings\n- Shared shopping lists\n- Track household expenses\n- Split costs fairly,- Overwhelming and uncustomizable notifications\n- Excessive ads for basic actions\n- Confusing initial setup and account creation\n- Getting stuck in 'new home' setup without being able to back out\n- Chore dates lagging or shifting incorrectly,- Great for organizing household chores\n- Helps build family accountability\n- Useful for roommates to split duties\n- Simple and easy to use interface\n- Good for tracking shared expenses,"chore tracker, household manager, roommate app, chore chart",
"OurHome - Chores, Rewards (com.ourhome)",OurHome,Elusios,https://play.google.com/store/apps/details?id=com.elusios.ourhome,10K+,3.9,freemium,unconfirmed,* Smart Shopping List\n* Smart Task List\n* Collaboration Made Easy,"* Difficulty with core features (e.g., adding rewards, task assignment).\n* Poor user interface and experience (UI/UX), including visual and accessibility issues.\n* Lack of transparency regarding monetization and mandatory account creation.\n* Cross-platform compatibility problems (e.g., iOS availability).\n* Glitches and limitations in task management and syncing.",* Effective for organizing household chores and shopping lists.\n* Simplifies household management and reduces mental load.\n* Provides a clear and well-structured overview of tasks and groceries.\n* Facilitates easy sharing and collaboration among household members.\n* Overall usefulness and ease of use for managing home tasks.,"OurHome, Chores, Rewards, Household, Assistant, Shopping List, Task List, Collaboration",
Nipto: Split Chores (com.nipto.app),Nipto: Split Household Chores,Nipto,https://play.google.com/store/apps/details?id=com.nipto.niptoapp,500K+,4.6,freemium,"$19.99 (one-time purchase), $14.99/year, $1.99/month","- Unlimited tasks\n- Advanced customization options\n- Flexible task scheduling (daily, weekly, etc.)\n- Ability to award bonus points\n- Enhanced reminders","- App is slow and clunky, often freezing or lagging.\n- Poor user experience (UX) and lack of clear onboarding/tutorials.\n- Notifications for completed tasks are unreliable.\n- Limited functionality in the free version (e.g., only 5 tasks).\n- Issues with task management, such as tasks disappearing or inability to edit/schedule with date ranges.",- Effective in motivating users to complete chores and making them fun.\n- Great for couples and families to split chores and reduce arguments.\n- Visually appealing design with cute graphics.\n- Excellent customer support for resolving issues.\n- One-time payment for premium features is appreciated.,,
Chorely: Family Chores (com.chorely.app),Chorly - Family Chores App,Cowlabs,https://play.google.com/store/apps/details?id=xyz.cowlabs.chorly,5K+,3.6,freemium,"$70/year, $9/month",- Unlimited Chores and Tasks\n- Unlimited Goals\n- Unlimited Family Members\n- Leaderboard for added competition,"- High cost / expensive subscription for what it offers\n- Lack of customization options (can't delete accidental rewards/chores, not enough profile pics/emojis)\n- Frustrating onboarding process (too many questions before trying the app)\n- Forced subscription to use the app after onboarding\n- Inability to add reasons for rejecting a chore",- Simple and easy to use\n- Responsive developer team\n- Engaging for kids (kids ask for more chores)\n- Good organization features\n- Effective at motivating kids to help around the house,"Family chores, chores, rewards, kids, household management, responsibilities, habits, motivation",
Spotless: A Simple Cleaning App (com.spotless.app),,,,,,,,,,,,The app 'Spotless: A Simple Cleaning App' with package name 'com.spotless.app' could not be found on the US Google Play Store.
Forest: Focus for Productivity (cc.forestapp),Forest: Focus for Productivity,Seekrtech,https://play.google.com/store/apps/details?id=cc.forestapp&hl=en_US,10M+,4.5,freemium,unconfirmed,- Statistics: More insightful statistics of your focused time to tailor your focus habits.\n- Plant Together: Stay focused with your focus friend and family anytime and anywhere.\n- Plant Real Trees: Plant real trees on Earth to make the world greener!\n- Allow Lists: Create personalized Allow Lists for different situations. Non-allowed apps will be blocked.,"- App is buggy and laggy, especially with features like buying trees and sync.\n- Notifications for tree growth are not working consistently.\n- The app feels bloated and restricts features based on internet connectivity.\n- Customer support is unresponsive or closes tickets without resolution.\n- Some events are too short or inconvenient for certain time zones.",- Effective in helping users stay focused and boost productivity.\n- Simple and enjoyable to use for personal focus time.\n- Gamification elements like growing trees are motivating.\n- Provides useful statistics for tracking focused time.\n- The concept of planting real trees is appreciated.,"boost, control, cutest, focus, focused, help, lack, productivity, scrolling, self, solution, stay, stop, timer",
RoutineFlow: ADHD Organizer (com.routineflow.app),RoutineFlow: Routine for ADHD,System Two GmbH,https://play.google.com/store/apps/details?id=app.routineflow.routineflow&hl=en_US,500K+,4.3,freemium,unconfirmed,"- AI Task Breakdown for ADHD and autism\n- A beautiful visual ADHD planner for your week\n- Track every habit or routine you have\n- Create multi-step habits, for example a morning routine\n- Beat ADHD adult related problems with gamification\n- Assign a timer and an emoji to each task\n- Get notified whenever it is time to complete a routine\n- Finish each task laser focused with a timer\n- Visualize your habit progress with beautiful statistics\n- Analytics for time blindness if you have ADHD\n- Clean dark mode","- Subscription cost and monetization model (expensive, limited free tier, no one-time purchase option)\n- Bugs and glitches (routines jumbled, deleted, timer issues, inability to mark past tasks)\n- Lack of flexibility and customization (fixed task durations, limited scheduling options)\n- App not working as expected (alarms going off early, routines running unknowingly)\n- Poor user experience (forced premium screen, new layout issues, unresponsiveness from developer)",- Effective for ADHD management and routine building\n- User-friendly and intuitive interface\n- Gamification features are motivating\n- Customizable routines and task timers\n- Positive impact on productivity and focus,"ADHD, planner, organizer, routine, timer, autism, habits",
Finch: Self-Care Pet (com.finch.finch),Finch: Self-Care Pet,Finch Care Public Benefit Corporation,https://play.google.com/store/apps/details?id=com.finch.finch,10M+,4.8,freemium,"$69.99/year, $9.99/month","- Customize all goal emojis\n- Daily discounted items and more unlocked rare item slots in shops\n- Extra daily rewards and guaranteed outfits during seasonal events\n- Access to additional reflection prompts, soundscapes, movement, and breathing exercises\n- Unlock all good vibe options to send to friends","- App stability issues (frequent crashing, freezing, and lagging)\n- Poor customer support (slow or unhelpful responses)\n- High subscription cost and aggressive monetization tactics (frequent pop-ups, basic features behind paywall)\n- Dislike of recent UI changes and updates (e.g., switch from journeys to self-care areas)\n- Lack of a dark mode, making it difficult to use at night or for photosensitive users","- Highly motivating for completing daily tasks and building habits, especially for neurodivergent users (ADHD/AuDHD)\n- Gamification elements (dressing up the bird, decorating rooms, traveling) provide a satisfying dopamine boost\n- Flexibility and lack of pressure (ability to snooze goals without losing progress or feeling guilty)\n- Positive impact on mental health (reflections, breathing exercises, naming emotions)\n- Social features (sending good vibes to friends and family) help maintain connections with low effort","Finch, Self-Care, Pet, app, prepared, positive, daily, exercises, personalized",
Amaru: The Self-Care Pet (com.SixWingStudios.LotusVillage),Amaru: The Self-Care Pet,Six Wing Studios,https://play.google.com/store/apps/details?id=com.SixWingStudios.LotusVillage&hl=en_US,500K+,4.5,freemium,unconfirmed,- Unlock story features\n- Optional skins\n- Golden Key (in-app purchase)\n- Full game unlock (flat fee),"- Technical issues (bugs, login problems, audio issues)\n- Difficulty in understanding game mechanics (Amaru not waking up, not eating enough)\n- Issues with restoring purchases (Golden Key reappearing)","- Promotes positive mental health habits and self-care\n- Engaging and beautifully designed artwork/animation\n- Customizable daily goals and self-care regimen\n- Non-predatory pricing model (free self-care features, no ads, scholarship program)\n- Calming and relaxing experience","Amaru, Self-Care, Pet, Virtual Pet, Mindfulness, Journaling, Mental Health, Anxiety, Stress, Depression, Game, Cat, Six Wing Studios",
Pou (me.pou.app),Pou,Zakeh,https://play.google.com/store/apps/details?id=me.pou.app&hl=en_US,1B+,4.3,freemium,unconfirmed,"\n* In-game purchases for virtual items\n* Customization options (wallpapers, outfits)\n* Special items\n* Ad-free experience (likely an in-app purchase)\n* Exclusive mini-games (speculative)\n","High maintenance (hunger, health, potions) and reliance on in-app purchases.\nRepetitive gameplay and potential for boredom over time.\nExcessive ads and glitches.","Engaging and relaxing gameplay, good for passing time.\nSimple, easy to understand, and low-stakes.\nVariety of fun mini-games.\nGood customization options.\nMinimal ads and efficient use of device space.","Pou, virtual pet, alien, game, casual, simulation, care, feed, play, customize, mini-games",
My Talking Tom 2 (com.outfit7.mytalkingtom2),My Talking Tom 2,Outfit7 Limited,https://play.google.com/store/apps/details?id=com.outfit7.mytalkingtom2&hl=en_US,1B+,4.4,ads/in-app purchases/free,unconfirmed,"- In-app purchases for items and virtual currency.\n- Access to all functionalities without in-app purchases (alternative options mentioned).\n- Seasonal content, outfits, and events through regular updates.\n- Customization of Tom's look and home decoration.\n- Unlocking new skills for Tom (e.g., playing drums, shooting hoops, boxing).","- Frequent and intrusive ads disrupting gameplay.\n- Removal of previously available free customization options, now requiring real money.\n- Rapid decrease in pet's happiness/energy, forcing constant interaction or in-app purchases.\n- Pets making constant emotes and interrupting gameplay.\n- Lack of clothing variety and inability to customize Tom's appearance as desired.",- Engaging virtual pet care experience.\n- Variety of offline mini-games for entertainment.\n- Ability to explore different worlds and collect items.\n- Customization options for Tom's appearance and home decoration.\n- Iconic talk-back feature adds to the fun.,"Care, Pet, Casual, Single player, Stylized, Cartoon, Animals, Cat, House & garden, Offline",
Bubbu – My Virtual Pet Cat (com.bubadu.bubbu),Bubbu – My Virtual Pet Cat,Bubadu,https://play.google.com/store/apps/details?id=com.bubadu.bubbu&hl=en_US,100M+,4.2,"freemium (ads, in-app purchases, subscriptions)",,- Unlock VIP features\n- Remove ads\n- Access exclusive mini-games/items,- Excessive ads\n- Paywalls/subscriptions for features\n- Repetitive or boring gameplay\n- Lost game progress\n- Inappropriate content in ads,- Fun and entertaining gameplay\n- Cute and adorable character/visuals\n- Nostalgic for childhood players\n- Good for children\n- Relaxing and cozy experience,"Bubbu, My Virtual Pet Cat, Bubadu, virtual pet, cat, fun, games, kids, care, simulation",
Hellopet - Cute Screen Pets (com.applepie4.hellopet),Hellopet,Applepie Studio Inc.,https://play.google.com/store/apps/details?id=com.applepie4.mylittlepet.en,5M+,4.3,freemium,unconfirmed,- Unlock new pets\n- Unlock new items\n- Unlock new rooms\n- Pet Chat,- Difficulty earning in-game currency (cookies/hearts)\n- Ads not working or being excessive\n- App freezing or disappearing\n- Limited pet selection and customization options\n- Toxic community in Pet Chat,"- Cute and adorable pets\n- Interactive pets on home screen\n- Fun and engaging mini-games/activities\n- Customization options (decorating rooms, pet accessories)\n- Positive community/social interaction (Pet Chat, making friends)","Hellopet, Cute Screen Pets, virtual pet, pet, screen overlay, home screen, mini-game, pet chat, customize, decorate",
Peridot (com.nianticlabs.peridot),Peridot,"Niantic, Inc.",https://play.google.com/store/apps/details?id=com.nianticlabs.peridot (no longer available),Not available due to app discontinuation.,,"In-app purchases (disabled as of April 23, 2026)",,- Real-time mapping\n- Occlusion\n- Semantic segmentation\n- Generative AI\n- Unique DNA for each Peridot,Not available due to app discontinuation.,Not available due to app discontinuation.,"Peridot, virtual pet, AR game, Niantic",
My Tamagotchi Forever (com.bandainamcoent.mytamagotchiforever),My Tamagotchi Forever,BANDAI NAMCO Entertainment Europe,https://play.google.com/store/apps/details?id=eu.bandainamcoent.mytamagotchiforever,10M+,4.1,freemium,unconfirmed,- Ad-free experience\n- Exclusive in-game bonuses\n- Access to special events\n- Unique customization options\n- Faster progression,"- Excessive and intrusive advertisements that disrupt gameplay.\n- Issues with the subscription system, including benefits not being applied or subscriptions expiring prematurely.\n- Lack of features and depth compared to the original Tamagotchi experience or other similar games.\n- Presence of bugs and technical glitches that hinder interaction.\n- Perceived as a 'greedy' game due to microtransactions and aggressive monetization tactics.","- Cute and enjoyable gameplay experience.\n- Evokes a nostalgic feeling, reminiscent of the classic Tamagotchi.\n- Engaging and addictive nature, encouraging continuous play.\n- Provides a relaxing and stress-relieving experience for some users.\n- Ads are optional or less intrusive compared to other free-to-play games.","Tamagotchi, virtual pet, simulation, care, pet, casual, single player, stylized, cartoon, cute, offline",
